"kernel_version",releaseDate,latest,latestReleaseDate,lts,eol
"6.10","2024-07-14","6.10.6","2024-08-19",false,"2024-11-14"
"6.9","2024-05-12","6.9.12","2024-07-27",false,"2024-07-27"
"6.8","2024-03-10","6.8.12","2024-05-30",false,"2024-05-30"
"6.7","2024-01-07","6.7.12","2024-04-03",false,"2024-04-03"
"6.6","2023-10-30","6.6.47","2024-08-19",true,"2026-12-31"
"6.5","2023-08-27","6.5.13","2023-11-28",false,"2023-11-28"
"6.4","2023-06-25","6.4.16","2023-09-13",false,"2023-09-13"
"6.3","2023-04-23","6.3.13","2023-07-11",false,"2023-07-11"
"6.2","2023-02-19","6.2.16","2023-05-17",false,"2023-05-17"
"6.1","2022-12-11","6.1.106","2024-08-19",true,"2026-12-31"
"6.0","2022-10-02","6.0.19","2023-01-12",false,"2023-01-12"
"5.19","2022-07-31","5.19.17","2022-10-24",false,"2022-10-24"
"5.18","2022-05-22","5.18.19","2022-08-21",false,"2022-08-21"
"5.17","2022-03-20","5.17.15","2022-06-14",false,"2022-06-14"
"5.16","2022-01-09","5.16.20","2022-04-13",false,"2022-04-13"
"5.15","2021-10-31","5.15.165","2024-08-19",true,"2026-10-31"
"5.10","2020-12-13","5.10.224","2024-08-19",true,"2026-12-31"
"5.4","2019-11-25","5.4.282","2024-08-19",true,"2025-12-31"
"4.19","2018-10-22","4.19.320","2024-08-19",true,"2024-12-31"
"4.14","2017-11-12","4.14.336","2024-01-10",true,"2024-01-10"
"4.9","2016-12-11","4.9.337","2023-01-07",true,"2023-01-07"